"Autor","Familia ","Genero","specie "
"Ana Cordoba","Nymphalidae","Zaretis "," crawfordhilli"
"Ana Cordoba","Sphingidae","Aellopos","ceculus"
"Ana Cordoba","Limacodidae","Epiperola ","Vaferella "
"Ana Cordoba","Nymphalidae","Eumorpha","anchemolus"
"Ana Cordoba","Notodontidae","Tachuda","discretaDHJ02"
"Ana Cordoba","Saturnidae","Syssphinx ","quadrilineata "
"Ana Cordoba","Hesperiidae","Urbanus","doryssusDHJ01"
"Ana Cordoba","Sphingidae","Xylophanes ","zurcheri "
"Ana Cordoba","Notodontidae","Hemiceras","nigrecens"
"Ana Cordoba","Sphingidae","Enyo","ocypete"
"Ana Cordoba","Eribade","Phoenicoprocta","paucipuncta"
"Ana Cordoba","Geometridae","Oenoptila","Janzen02"
"Ana Cordoba","Arctiidae","Macrocneme","cabimensis"
"Ana Cordoba","Arctiidae","Aclytia ","albistrigaDHJ02 "
"Ana Cordoba","Notodontidae","Nystalea","ocellata"
"Ana Cordoba","Nymphalidae","Tigridia ","acestaDHJ03"
"Ana Cordoba","Hesperiidae","Saliana","esperi"
"Ana Cordoba","Notodontidae","Polypoetes"," approximans"
"Ana Cordoba","Nymphalidae","Colobura","dirce"
"Ana Cordoba","Nymphalidae","Archaeoprepona","camilla "
"Ana Cordoba","Papilionidae","Parides","iphidamas"
"Ana Cordoba","Hesperiidae","Turesis","complanula"
"Ana Cordoba","Hesperiidae","Vertica","subrufescens"
"Ana Cordoba","Hesperiidae","Spioniades","abbreviata"
"Ana Cordoba","Sphingidae","Xylophanes"," guianensis"
"Ana Cordoba","Hesperiidae","Cynea","cynea"
"Ana Cordoba","Hesperiidae","Thracides","nanea nida"
"Ana Cordoba","Hesperiidae","Mylon","maimon"
"ana Cordoba","Notodontidae","Bardaxima","lucilinea"
"Ana Cordoba","Erebidae","Heliura","tetragamma"
"Ana Cordoba","Hesperiidae","Justinia","Burns01"
"Ana Cordoba","Riodinidae","Nymphidium"," onaeum"
"Ana Cordoba","Lycaenidae","Laothus","barajo "
"Ana Cordoba","Hesperiidae","Udranomia","orcinus"
"Ana Cordoba","Crambidae","Ceratocilia","sixolalis"
"Ana Cordoba","Hesperiidae","Bungalotis","midas"
"Ana Cordoba","Hesperiidae","Phocides","nigrescens"
"Ana Cordoba","Notodontidae","Hemiceras"," pallidula"
"Ana Cordoba","Riodinidae","Brachyglenis"," dinora"
"Ana Cordoba","Sphingidae","Xylophanes","acrus"
"Ana Cordoba","Riodinidae","Symmachia","xypete"
"Ana Cordoba","Erebidae","Deinopa","signiplena"
"Ana Cordoba","Crambidae","Phostria"," metalobalis "
"Ana Cordoba","Saturnidae","Syssphinx"," molina"
"Ana Cordoba","Noctuidae","Phuphena","multilinea "
"Ana Cordoba","Sphingidae","Manduca","albiplaga"
"Ana Cordoba","Erebidae","Eucereon","aeolum"
"Angel Hernández","Erebidae","Calodesma","maculifrons  "
"Angel Hernández","Notodontidae","Hemiceras"," pluciata "
"Angel Hernández","Nymphalidae","Opsiphanes","fabricii"
"Angel Hernández","Hesperiidae","Eracon","sarahburnsi"
"Angel Hernández","Nolidae","Iscadia","producta"
"Angel Hernández","Hesperiidae","Aides","bruno"
"Angel Hernández","Saturnidae","Othorene","intermedia"
"Angel Hernández","Saturnidae","Othorene","bernardoespinozai"
"Angel Hernández","Hesperiidae","Astraptes","anaphus annetta"
"Angel Hernández","Bombycidae","Phiditia","cuprea"
"Angel Hernández","Riodinidae","Euselasia","mystica"
"Angel Hernández","Sphingidae","Pachygonidia","ribbei "
"Angel Hernández","Saturnidae","Copaxa","rufstralica"
"Angel Hernández","Sphingidae","Cocytius"," duponchel"
"Angel Hernández","Nymphalidae","Caerois"," gerdrudtus"
"Brigitte Vilchez","Depressariidae","Stenoma","completella"
"Brigitte Vilchez","Lasiocampidae","Nesara","casada"
"Brigitte Vilchez","Nymphalidae","Memphis","niedhoeferi"
"Brigitte Vilchez","Sphingidae","Xylophanes","titana"
"Brigitte Vilchez","Nymphalidae","Opsiphanes"," jacobsorum"
"Brigitte Vilchez","Pyralidae","Tancoa","crinita"
"Brigitte Vilchez","Geometridae","Pero ","exquisita"
"Brigitte Vilchez","Hesperiidae","Mylon","salvia"
"Angel Hernández","Apatelolidae","Apatelodes","merlona"
"Angel Hernández","Lycaenidae","Panthiades","bitias"
"Angel Hernández","Limacodidae","Euprosterna","elaea"
"Angel Hernández","Noctuidae","Callopistria","floridensis"
"Angel Hernández","Notodontidae","Dunama","jessiehillae"
"Angel Hernández","Hedylidae","Macrosoma"," bahiata"
"Angel Hernández","Crambidae","Omiodes","cuniculalis"
"Angel Hernández","Lasiocampidae","Euglyphis","deusta"
"Alejandro Marín","Sphingidae","Manduca"," barnesi"
"Angel Hernández","Geometridae","Oxydia","peosinata"
"Calixto Moraga","Hesperiidae","Neoxeniades","pluviasilva"
"Calixto Moraga","Hesperiidae","Neoxeniades","Burns03"
"Calixto Moraga","Hesperiidae","Neoxeniades","Burns04"
"Calixto Moraga","Hesperiidae","Neoxeniades","luda"
"Calixto Moraga","Hesperiidae","Potamanaxas","Burns03"
"Calixto MoragaA","Sphingidae","Xylophanes ","maculator"
"Calixto Moraga","geometridae","Acrotomia","Mucia"
"Calixto Moraga","Hesperiidae","Nyctus","hiarbas"
"Calixto Moraga","Notodontidae","Malocampa","piratica"
"calixto Moraga","Lycaenidae","Arawacus","togarna"
"Calixto Moraga","Hesperiidae","Chrysoplectrum","Burns02"
"Calixto Moraga","Hesperiidae","Oxynthes","corusca"
"Calixto Moraga","Hesperiidae","Niconiades","incomptus"
"Calixto Moraga","Hesperiidae","Artines","rica"
"Calixto Moraga","Hesperiidae","Tisias","myna"
"Calixto Moraga","Saturnidae","Arnsenura","drucei"
"Calixto Moraga","Saturnidae","Copaxa"," troetschi"
"Calixto Moraga","Saturnidae","Lonomia","rufescens"
"Calixto Moraga","Hesperiidae","Pellicia","arina"
"Calixto Moraga","Sphingidae","Callionima"," denticulata"
"Calixto Moraga","Sphingidae","Callionima"," falcifera"
"Calixto Moraga","Nymphalidae","Myscelia"," pattenia"
"Calixto Moraga","Nymphalidae","Myscelia","cyaniris"
"Calixto Moraga","Sphingidae","Agrius","cingulata"
"Calixto Moraga","Hesperiidae","Cycloglypha","enega"
"Calixto Moraga","Geometridae","Hyalostenele","lutescens"
"Calixto Moraga","Hesperiidae","Ebusus","ebusus"
"Calixto Moraga","Sphingidae","Enyo","lugubris"
"Calixto Moraga","Sphingidae","Aellopos","titan"
"Calixto Moraga","Saturniidae","Automeris","celata"
"Calixto Moraga","Sphingidae","Xylophanes ","crotonis"
"Calixto Moraga","Sphingidae","Pachygonidia","subhamata"
"Calixto Moraga","Sphingidae","Aleuron","iphis"
"Calixto Moraga","Sphingidae","Manduca","dilucida"
"Calixto Moraga","Sphingidae","Adhemarius","gannascus"
"Calixto Moraga","Sphingidae","Aleuron","neglectum"
"Calixto Moraga",,"Amphimoea","walkeri"
"Calixto Moraga","Sphingidae","Cautethia","spuria"
"Freddy Quesada","Erebidae","Helia","argentipes "
"Carolina Cano","Sphingidae","Eumorpha","phorbas"
"Carolina Cano","Erebidae","Viviennea","tegyra"
"Carolina Cano","Hesperiidae","Venada","daneva"
"Carolina Cano","Sphingidae","Manduca","pellenia"
"Carolina Cano","Notodontidae","Nystalea","squamosa"
"Carolina Cano","Saturnidae","Molippa","tusina"
"Carolina Cano","Sphingidae","Nyceryx","tacita"
"Carolina Cano","Saturnidae","Copaxa","escalantei"
"Carolina Cano","Bombicidae","Epia","muscosa"
"Carolina Cano","Hesperiidae","Myscelus","belti"
"Carolina Cano","Hesperiidae","Passova","gellias"
"Carolina Cano","Erebidae","Oraesia","nobilis"
"Carolina Cano","Hesperiidae","Myscelus","perissodora"
"Carolina Cano","Hesperiidae","Polythrix","kanshul"
"Carolina Cano","Lasiocampidae","Euglyphis","larunda"
"Carolina Cano","Papilionidae","Pterourus victorinus"," victorinus"
"Carolina Cano","Papilionidae","Pterourus","laetitia"
"Carolina Cano","Hesperiidae","Phanus","obscurior"
"Carolina Cano","Hesperiidae","Myscelus","amystis"
"Carolina Cano","Notodontidae","Truncaptera","meridionalis ICG02"
"Carolina Cano","Saturnidae","Hyperchiria","nausica"
"Carolina Cano","Notodontidae","Hapigia","nodicornis"
"Carolina Cano","Erebidae","Isanthrene","echemon"
"Carolina Cano","Erebidae","Carales","astur"
"Carolina Cano","Erebidae","Pachydota","drucei"
"Carolina Cano","Notodontidae","Poresta","lanassa "
"Carolina Cano","Sphingidae"," Pachylioides"," resumens"
"Carolina Cano","Noctuidae","Cropia","hadenoides "
"Carolina Cano","Noctuidae","Spodoptera","androgea "
"Carolina Cano","Erebidae","Gonodonta","uxor"
"Carolina Cano","Notodontidae","Heterocampa","andradora"
"Carolina Cano","Notodontidae","Bittacochroma","pylaon"
"Carolina Cano","Noctuidae","Spodoptera","latifascia"
"Carolina Cano","Notodontidae","Phastia","alcimedeICG02"
"Carolina Cano","Riodinidae","Menander","menander "
"Carolina Cano","Noctuidae","Cropia","dedica "
"Cirilo Umaña","Hesperiidae","Achlyodes ","busirus "
"Cirilo Umaña","Saturnidae","Leucanella","hosmera "
"Cirilo Umaña","Sphingidae","Pachylia ","ficus"
"Cirilo Umaña","Riodinidae","Emesis","aurimna"
"Cirilo Umaña","Nymphalidae","Lycoria ","Atergatis"
"Cirilo Umaña","Hesperiidae","Perichares","prestoeaphaga"
"Cirilo Umaña","Hesperiidae","Achlyodes","pallida"
"Cirilo Umaña","Riodinidae","Melanis","sanguinea"
"Cirilo Umaña","Erebidae","Gonodonta","bidens"
"Cirilo Umaña","Riodinidae","Eurybia","lycisca"
"Cirilo Umaña","Noctuidae","Mylon","lassia"
"Cirilo Umaña","Papilionidae","Battus","ingenuus"
"Cirilo Umaña","Hesperiidae","Quadrus ","cerialis "
"Cirilo Umaña","Lycaenidae","Pseudolycaena","damo"
"Cirilo Umaña","Geometridae","Smicropus","intercepta"
"Cirilo Umaña","Depressariidae","Stenoma","Janzen07"
"Cirilo Umaña","Hesperiidae","Antigonus"," erosus "
"Cirilo Umaña","Riodinidae","Napaea","eucharila"
"Cirilo Umaña","Riodinidae","Thisbe","irenea"
"Cirilo Umaña","Crambidae","Palpita","flegia"
"Cirilo Umaña","Hesperiidae","Creonpyge","creon"
"Cirilo Umaña","Noctuidae","Dyops","Poole04"
"Cirilo Umaña","Hesperiidae","Pyrgus","oileus"
"Cirilo Umaña","Erebidae","Opharus","consimilis"
"Cirilo Umaña","Nymphalidae","Heliconius","Zuleika"
"Cirilo Umaña","Crambidae","Dhiaphania","glauculalis"
"Cirilo Umaña","Hesperiidae","Heliopetes","arsalte"
"Cirilo Umaña","Depressariidae","Antaeotricha","fascicularis"
"Cirilo Umaña","Notodontidae","Tithraustes","noctilucesICG02"
"Cirilo Umaña","Erebidae","Correbia","undulata"
"Cirilo Umaña","Hesperiidae","Cogia","calchas"
"Cirilo Umaña","Noctuidae","Erocha","leucotelus"
"Dinia Martinez","Hesperiidae","Talides","sergestus"
"Dinia Martinez","Sphingidae","Eumorpha","obliquus"
"Dinia Martinez","nymphalidae","Adelpha","aiellae"
"Dinia Martinez","Lasiocampidae","Titya ","synoecura"
"Dinia Martinez","Hesperiidae","Yanguna","cosyra"
"Dinia Martinez","Riodinidae","Menander","pretus"
"Dinia Martinez","Saturnidae","Adeloneivaia","jason"
"Dinia Martinez","Elachistidae","Gonioterma ","anna "
"Dinia Martinez","Hesperiidae","Carrhenes","calidius"
"Dinia Martinez","Riodinidae","Ancyluris ","inca "
"Dinia Martinez","Nymphalidae","Brassolis","isthmia"
"Dinia Martinez","Papilionidae,","Mimoides","clusoculis"
"Dinia Martinez","Limacodidae","Venadicodia ","caneti"
"Dinia Martinez","Depressariidae","Cerconota","recurvella"
"Dinia Martinez","Notodontidae","Farigia","montana"
"Dinia Martinez","Hesperiidae","Dyscophellus","phraxanor"
"Dinia Martinez","Hesperiidae","Dubiella","belpa"
"Dinia Martinez","Hesperiidae","Orses","cynisca"
"Dinia Martinez","Erebidae","Pachydota","saduca"
"Dinia Martinez","Nymphalidae","Mechanitis ","isthmia "
"Dinia Martinez","Notodontidae","Naprepa","cyllota "
"Dinia Martinez","Nymphalidae","Taygetis ","rufomarginata"
"Dinia Martinez","Riodinidae","Euselasia","chrysippe"
"Dinia Martinez","Noctuidae","Argyrosticta"," bellinita"
"Dinia Martinez","Noctuidae","Argyrosticta","vauaurea"
"Dinia Martinez","Geometridae","Cyclomia","disparilis"
"Dinia Martinez","Nymphalidae","Consul ","fabius"
"Dinia Martinez","Noctuidae","Hypocala","andremona"
"Dinia Martinez","Hesperiidae","Telemiades ","nicomedes "
"Dinia Martinez","Hesperiidae","Chioides","catillus"
"Dinia Martinez","bombycidae","Anticla ","antica "
"Dinia Martinez","Sphingidae","Manduca","florestan"
"Dinia Martinez","Mimalionidae","Druentica","inscita"
"Dinia Martinez","Hesperiidae","Astraptes ","audax "
"Dinia Martinez","Lasiocampidae","Euglyphis ","rundalla"
"Dinia Martinez","Notodontidae","Tagela","cayuga"
"Dinia Martinez","Papilionidae,","Parides","childrenae"
"Dinia Martinez","Erebidae","Phaeoblemma","dares"
"Dinia Martinez","Nymphalidae","Dircenna","klugii"
"Dinia Martinez","Saturnidae","Hylesia","rufipes"
"Dinia Martinez","Hesperiidae","Elbella","scylla"
"Dinia Martinez","hesperiidae","Pyrrhopyge","zenodorus"
"Dinia Martinez","Crambidae","Piletosoma","thialis"
"Dinia Martinez","Erebidae","Sarsina","purpurascens"
"Dinia Martinez","Notodontidae","Crinodes","besckei"
"Dinia Martinez","Dalceridae","Minacraga","plata"
"Dinia Martinez","Saturniidae","Pseudodirphia","regia"
"Dinia Martinez","Hesperiidae","Parphorus","decora"
"Dinia Martinez","Hesperiidae","Proteides","mercurius"
"Dinia Martinez","Hesperiidae","Urbanus","teleus"
"Dinia Martinez","Hesperiidae","Spathilepia","clonius"
"Dinia Martinez","Lycaenidae","Theritas ","mavors "
"Dinia Martinez","Hesperiidae","Xenophanes","tryxus"
"Dinia Martinez","Sphingidae","Xylophanes ","Pluto"
"Dinia Martinez","Erebidae","Eloria","onaba"
"Dinia Martinez","Notodontidae","Tithraustes","lambertae"
"Dinia Martinez","Hesperiidae","Quinta","cannae"
"Dinia Martinez","Nolidae","Diphthera","festiva"
"Dinia Martinez","Apatelolidae","Zanola","fieldi"
"Dinia Martinez","Nymphalidae","Libytheana","carinenta"
"Dinia Martinez","Geometridae","Epimecis","conjugaria"
"Dinia Martinez","Hesperiidae","Pellicia","dimidiata"
"Dinia Martinez","Riodinidae","Euselasia","amphidecta"
"Dinia Martinez","Erebidae","Eucereon","aurantiaca"
"Dinia Martinez","Riodinidae","Caria","rhacotis"
"Dinia Martinez","Geometridae","Tachyphyle","hamata"
"Dinia Martinez","Nymphalidae","Chloreuptychia","arnaca"
"Dinia Martinez","Notodontidae","Antiopha","multilinea"
"Dinia Martinez","Lycaenidae","Nicolaea ","ophia"
"Dinia Martinez","Notodontidae","Calledema","argentea"
"Dinia Martinez","Oecophoridae","Struthoscelis","christianafigueresae"
"Dinia Martinez","Nymphalidae","Hamadryas","saurites"
"Dinia Martinez","Noctuidae","Argyrosticta","aurifundens"
"Dinia Martinez","Riodinidae","Pirascca","tyriotes "
"Dinia Martinez","Geometridae","Ergavia","carinenta "
"Dinia Martinez","Mimalionidae","Cicinnus","camarinus"
"Petrona Rios","Nymphalidae","Prepona","philatelica"
"Pablo Umaña","Nymphalidae","Siderone","galanthis"
"Dinia Martinez","Geometridae","Nematocampa","completa"
"Dinia Martinez","Limacodidae","Phobetron","hipparchia"
"Dinia Martinez","Notodontidae","Xylodonta","markvanputteni"
"Dunia Garcia","Pieridae","Phoebis ","virgo"
"Dunia Garcia","Erebidae","Napata","lelex"
"Dunia Garcia","Hesperiidae","Telemiades","chrysorrhoea"
"Dunia Garcia","Hesperiidae","Astraptes","YESENN"
"Dunia Garcia","Pieridae","Ascia "," monuste"
"Dunia Garcia","Mimalionidae","Psychocampa","prominens"
"Dunia Garcia","Mimalionidae","Lacosoma","Valera"
"Dunia Garcia","Mimalionidae","Trogoptera","Janzen02"
"Dunia Garcia","Mimalionidae","Cicinnus","Janzen07"
"Dunia Garcia","Hesperiidae","Venada ","nevada"
"Dunia Garcia","Limacodidae","Acharia ","nesea"
"Dunia Garcia","Saturnidae","Copaxa","rufinans"
"Dunia Garcia","Sphingidae","Eumorpha","fasciatus"
"Dunia Garcia","Notodontidae","Dicentria","drucei"
"Dunia Garcia","Lasiocampidae","Euglyphis","mariaDHJ03"
"Dunia Garcia","Notodontidae","Antaea ","lichyi "
"Dunia Garcia","Notodontidae","Calledema","plusia"
"Dunia Garcia","Notodontidae","Nystalea","aequipars"
"Dunia Garcia","Geometridae","Psilosetia"," pura"
"Dunia Garcia","Geometridae","Acronyctodes cautama","cautama"
"Dunia Garcia","Geometridae","Macrotes","commatica"
"Dunia Garcia","Erebidae"," Oraesia","serpens"
"Dunia Garcia","Geometridae","Hagnagora ","mortipax "
"Dunia Garcia","Hesperiidae","Vettius","tertianus"
"Dunia Garcia","Erebidae","Hypercompe","laeta"
"Dunia Garcia","Hesperiidae","Ridens","panche"
"Dunia Garcia","Pterophoridae","","pteroJanzen01 Janzen14"
"Dunia Garcia","Pieridae","Dismorphia","lubina"
"Dunia Garcia","Geometridae","Macaria","pernicata"
"Dunia Garcia","Nymphalidae","Tithorea"," pinthias"
"Dunia Garcia","Noctuidae","Cropia","isidora"
"Dunia Garcia","Notodontidae","Didugua","argentiline"
"Dunia Garcia","Notodontidae","Didugua","beckeri"
"Dunia Garcia","Hesperiidae","Doberes"," anticus"
"Dunia Garcia","Geometridae","Nemoria","aturia"
"Dunia Garcia","Nymphalidae","Tegosa"," anieta"
"Duvalier Briceño","Nymphalidae","Morpho","amathonte"
"Duvalier Briceño","Hesperiidae","Neoxeniades","Burns02"
"Duvalier Briceño","Sphingidae","Xylophanes ","chiron"
"Duvalier Briceño","Sphingidae","Eumorpha","satellitia"
"Duvalier Briceño","Saturnidae","Caio","championi"
"Duvalier Briceño","Nymphalidae","Opsiphanes","bogotanus"
"Duvalier Briceño","Nymphalidae","Opsiphanes","quiteria"
"Duvalier Briceño","Sphingidae","Xylophanes"," cyrene"
"Duvalier Briceño","Sphingidae","Xylophanes","loelia"
"Duvalier Briceño","Sphingidae","Xylophanes","ceratomioides"
"Duvalier Briceño","Hesperiidae","Cephise","aelius"
"Duvalier Briceño","Sphingidae","Xylophanes","adalia"
"Duvalier Briceño","sphingidae","Xylophanes","tersa"
"Duvalier Briceño","Nymphalidae","Opsiphanes","zelotes"
"Duvalier Briceño","Sphingidae","Nyceryx","coffaeae"
"Duvalier Briceño","Hesperiidae","Telemiades","megallus"
"Duvalier Briceño","Hesperiidae","Dyscophellus","Burns01"
"Duvalier Briceño","Hesperiidae","Telemiades","oiclus"
"Duvalier Briceño","Hesperiidae","Talides","sinois"
"Duvalier Briceño","Hesperiidae","Celaenorrhinus","stallingsi"
"Duvalier Briceño","Notodontidae","Ginaldia ","Arecosa"
"Duvalier Briceño","Nymphalidae","Zaretis","ellops"
"Duvalier Briceño","Nymphalidae","Zaretis","elianahenrichae"
"Duvalier Briceño","Nymphalidae","Callicore","patelina"
"Duvalier Briceño","Notodontidae","Hemiceras","sabis"
"Duvalier Briceño","Hesperiidae","Cynea"," irma"
"Duvalier Briceño","Notodontidae","Hemiceras","alba"
"Duvalier Briceño","Riodinidae","Pirascca","arbuscula"
"Duvalier Briceño","Saturniidae","Oxytenis","modoccidentalis"
"Duvalier Briceño","Hesperiidae","Argon","lota"
"Duvalier Briceño","Geometridae","Sphacelodes","vulneraria"
"Duvalier Briceño","Notodontidae","Nystalea ","abalea"
"Duvalier Briceño","Depressariidae","Stenoma","cathosiota"
"Duvalier Briceño","Notodontidae","Luca","lividaDHJ01"
"Edwin Apu","Saturnidae","Eacles","imperialis"
"Edwin Apu","Hesperiidae","  Pseudonascus","paulliniae"
"Edwin Apu","Sphingidae","Monoloxis","flavicintalis"
"Edwin Apu","Crambidae","Asturodes ","fimbriauralis"
"Edwin Apu","Hesperiidae","Drephalys","Burns01"
"Manuel Rios","Hesperiidae","Typhedanus ","undulantes"
"Edwin Apu","Sphingidae","Adhemarius","daphne"
"Edwin Apu","Pieridae","Phoebis"," philea"
"Edwin Apu","Nymphalidae","Prepona","laertes"
"Edwin Apu","Nymphalidae","Greta"," oto"
"Edwin Apu","Hesperiidae","Sostrata","bifasciata nordica"
"Edwin Apu","Hesperiidae","Urbanus","Proteus"
"Edwin Apu","Hesperiidae","Anastrus","neaeris"
"Edwin Apu","Hesperiidae","Euphyes","Janzen01"
"Edwin Apu","Geometridae","Tmetomorpha","bitiasDHJ02"
"Edwin Apu","Riodinidae","Mesosemia","carissima"
"Edwin Apu","Sphingidae","Oryba ","achemenides"
"Edwin Apu","Sphingidae","Enyo","gorgon"
"Edwin Apu","Attevinae","Atteva","zebra"
"Edwin Apu","Sphingidae","Xylophanes ","anubus"
"Elda Araya","Hesperiidae","Ridens","Burns01"
"Elda Araya","Notodontidae","Lirimiris","gigantea"
"Elda Araya","hesperiidae","Narcosius","samson"
"Elda Araya","Nymphalidae","Caligo"," illioneus"
"Elda Araya","Hesperiidae","Narcosius","colossus"
"Elda Araya","Nymphalidae","Memphis","cleomestra"
"Elda Araya","Limacodidae","Acharia","ophelians"
"Elda Araya","Riodinidae","Emesis","lacrines"
"Elda Araya","Hesperiidae","Eantis","thraso"
"Elda Araya","Hesperiidae","Perichares","adela"
"Elda Araya","Hesperiidae","Polythrix","caunus"
"Elda Araya","Hesperiidae","Urbanus"," belli"
"Elda Araya","Lasiocampidae","Euglyphis","charax"
"Elda Araya","Nymphalidae","Memphis","lyceus"
"Elda Araya","Nymphalidae","Memphis","mora"
"Elda Araya","Saturniidae","Automeris","anikmeisterae"
"Elda Araya","Hesperiidae","Saliana","fusta"
"Elda Araya","Hesperiidae","Saliana"," severus"
"Elda Araya","Thyrididae","Dysodia","spissicornis"
"Elda Araya","Depressariidae","Ethmia"," lesliesaulae"
"Roster Moraga","Erebidae","Ormetica","sicilia"
"Roster Moraga","Lycaenidae","Atlides"," polybe"
"Roster Moraga","Sphingidae","Xylophanes","jocasta "
"Elda Araya","Erebidae","Ormetica","ataenia"
"Elda Araya","Erebidae","Carathis","septentrionalis"
"Elda Araya","Erebidae","Pachydota","rosenbergi"
"Elda Araya","Pyralidae","Hypsipyla","grandella"
"Elda Araya","Sphingidae","Pachylia","darceta "
"Elda Araya","Notodontidae","Hemiceras","subo"
"Elda Araya","Notodontidae","Hemiceras","zula"
"Elda Araya","Noctuidae","Darceta","falcata"
"Elda Araya","Notodontidae","Sericochroa","felderi"
"Elda Araya","Erebidae","Ceroctena","amynta"
"Carolina Cano","Noctuidae","Chrysodeixis","includens"
"Elieth Cantillano","Sphingidae","Amphonyx","duponchel "
"A Cantillano","Nymphalidae","Archaeoprepona"," demophoon"
"Elieth Cantillano","Nymphalidae","Prepona","demodice"
"Elieth Cantillano","Notodontidae","Strophocerus","thermesia"
"Elieth Cantillano","Sphingidae","Erinnyis ","crameri "
"Elieth Cantillano","Hesperiidae","Parathyris  ","georgina"
"Elieth Cantillano","Geometridae","Nemora","marielosae"
"Elieth Cantillano","Crambidae","Phostria","truncatalis"
"Elieth Cantillano","Erebidae"," Anomis","editrix"
"Elieth Cantillano","Hesperiidae","Erynnis","tristis"
"Elieth Cantillano","Hesperiidae","Carystus","phorcus"
"Elieth Cantillano","Hesperiidae","Mylon","pelopidas"
"Elieth Cantillano","Nymphalidae","Narope","Janzen01"
"Elieth Cantillano","Hesperiidae","Nascus","Burns01"
"Elieth Cantillano","Hesperiidae","Polythrix","asineDHJ02"
"Elieth Cantillano","Hesperiidae","Euphyes","peneia"
"Elieth Cantillano","Erebidae","Sanys","Poole02"
"Elieth Cantillano","Hesperiidae","Synaptes","silius"
"Elieth Cantillano","Hesperiidae","Aethilla","lavochrea"
"Elieth Cantillano","Hesperiidae","Astraptes","favilla"
"Elieth Cantillano","Hesperiidae","Epargyreus","Burns11"
"Elieth Cantillano","Hesperiidae","Astraptes","aulus"
"Elieth Cantillano","Geometridae","Euphyia","crispa"
"Elieth Cantillano","Geometridae","Melanchroia","chephiseDHJ02"
"Elieth Cantillano","Crambidae","Sparagmia","gonoptera"
"Elieth Cantillano","Pyralidae","Pococera","sadotha"
"Elieth Cantillano","Crambidae","Maracayia","chlorisalis"
"Elieth Cantillano","Erebidae","Eulepidotis","rectimargo"
"Jose Cortes","Crambidae","Aponia","itzalis"
"Elieth Cantillano","Crambidae","Microthyris","alvinalis"
"Elieth Cantillano","Nymphalidae","Eueides","procula"
"Elieth Cantillano","Crambidae"," Herpetogramma","salbialis"
"Elieth Cantillano","Crambidae","Portentomorpha","xanthialis"
"Elieth Cantillano","Crambidae","Micromartinia","mnemusalis"
"Elieth Cantillano","Crambidae","Pilocrocis","ramentalis"
"Freddy Quesada","Saturnidae","Automeris","postalbida"
"Freddy Quesada","Sphingidae","Eupyrrhoglossum","sagra"
"Freddy Quesada","Hedylidae","Macrosoma ","conifera "
"Freddy Quesada","Hedylidae","Macrosoma","cascaria"
"Freddy Quesada","Hedylidae","Macrosoma","tipulata"
"Freddy Quesada","Erebidae","Melese","incertus"
"Freddy Quesada","Hesperiidae","Gorgythion begga","pyralina"
"Freddy Quesada","Hesperiidae","Heliopetes","alana"
"Freddy Quesada","Sphingidae","Xylophanes","cthulhu"
"Freddy Quesada","Sphingidae","Perigonia","stulta"
"Freddy Quesada","Nolidae","Iscadia","argentea"
"Freddy Quesada","Erebidae","Leocephaluncus"," elianahenrichae"
"Freddy Quesada","Notodontidae","Strophocerus"," sericea"
"Freddy Quesada","Erebidae","Rejectaria","Poole14"
"Freddy Quesada","Depressariidae","Anadasmus","Janzen11"
"Freddy Quesada","Erebidae","Condica","funerea"
"Freddy Quesada","Notodontidae","Rosema","attenuata"
"Freddy Quesada","Notodontidae","Rhogalia","epigena"
"Freddy Quesada","Erebidae","Cecharismena","nealcesalis"
"Freddy Quesada","Erebidae","Rejectaria","Quesada01"
"Freddy Quesada","Saturniidae","Eacles","ormondei"
"Freddy Quesada","Nymphalidae","Ithomia","hippocrenis"
"Freddy Quesada","Geometridae","Phyllodonta"," latrata"
"Freddy Quesada","Nymphalidae","Eueides","aliphera"
"Freddy Quesada","Papilionidae","Battus","polydamas"
"Freddy Quesada","Erebidae","Coenipeta","tanais"
"Freddy Quesada","Nymphalidae","Lycorea","atergatis"
"Freddy Quesada","Erebidae","Lesmone","formularis"
"Freddy Quesada","Erebidae","Ypsora","selenodes "
"Freddy Quesada","Erebidae","Metalectra","Poole10"
"Freddy Quesada","Erebidae","Phaeoblemma","apicata "
"Gloria Sihezar","Hesperiidae","Bungalotis","erythus"
"Gloria Sihezar","Nymphalidae","Dynastor"," darius"
"Gloria Sihezar","Sphingidae","Nyceryx","magna"
"Gloria Sihezar","Hesperiidae"," Elbella","patrobasDH05"
"Gloria Sihezar","sphingidae","Eumorpha","triangulum"
"Gloria Sihezar","Nymphalidae","Caligo","atreus"
"Gloria Sihezar","Saturnidae","Citheronioides","collaris"
"Gloria Sihezar","Hesperiidae"," Astraptes ","alardes"
"Gloria Sihezar","Hesperiidae","Astraptes","enotrus"
"Gloria Sihezar","Sphingidae","Citheronia","lobesis "
"Gloria Sihezar","Sphingidae","Manduca","rustica"
"Gloria Sihezar","Hesperiidae","Tromba","xanthura"
"Gloria Sihezar","Hesperiidae","Astraptes","tucuti"
"Gloria Sihezar","Hesperiidae","Salatis ","canalis"
"Gloria Sihezar","Saturniidae","Automeris  ","banus"
"Gloria Sihezar","Nymphalidae","Archaeoprepona","amphiktion"
"Gloria Sihezar","Saturniidae","Titaea","tamerlan"
"Gloria Sihezar","Saturniidae","Arsenura"," arianae"
"Gloria Sihezar","Apatelolidae","Zanola","verago"
"Gloria Sihezar","Saturniidae","Hylesia","lineata"
"Gloria Sihezar","Hesperiidae","Nascus","solon"
"Gloria SihezarM","Megalopygidae","Megalopyge"," albicollis"
"Gloria Sihezar","Crambidae","Eulepte","concordalis"
"Gloria Sihezar","Crambidae"," Pilocrocis","purpurascens"
"Gloria Sihezar","Nolidae","Elaeognatha"," argyritis"
"Gloria Sihezar","Depressariidae","Chlamydastis","elenaulateae"
"Gloria Sihezar","Hesperiidae"," Zera","hosta"
"Gloria Sihezar","Notodontidae","Malocampa","mephitis"
"Gloria Sihezar","Megalopygidae","Megalopyge","hina"
"Gloria Sihezar","Geometridae","Pseudomennis"," dioptoides"
"Gloria Sihezar","Saturnidae","Schausiella","santarosensis"
"Gloria Sihezar","Notodontidae","Navarcostes"," vernieri"
"Elda Araya","Notodontidae","Hemiceras","rufescens"
"Elda Araya","Notodontidae","Hemiceras","nigricosta"
"Harry Ramirez","Sphingidae","Xylophanes ","germen"
"Harry Ramirez","Saturnidae","Lonomia","electra"
"Harry Ramirez","Sphingidae","Xylophanes ","hannemanni"
"Harry Ramirez","Notodontidae","Cerura","dandon"
"Harry Ramirez","Sphingidae","Erinnyis","ello"
"Harry Ramirez","Nymphalidae","Morpho","justitiae"
"Harry Ramirez","Nymphalidae","Mesotaenia","barnesi"
"Harry Ramirez","Hesperiidae","Urbanus","viterboana"
"Harry Ramirez","Notodontidae","Anurocampa","mingens"
"Harry Ramirez","Hesperiidae","Entheus","Burns01"
"Harry Ramirez","Hesperiidae","Ridens","biolleyi"
"Harry Ramirez","Hesperiidae","Saliana","placens"
"Harry Ramirez","Crambidae","Cliniodes","opalalis"
"Harry Ramirez","Pyralidae","Omphalocera","curiosa"
"Harry Ramirez","Tortricidae","Pseudatteria","volcanica"
"Harry Ramirez","Nymphalidae","Consul","electra"
"Harry Ramirez","Nymphalidae","Greta","championi"
"Harry Ramirez","Noctuidae","Lepidodes","gallopavo"
"Harry Ramirez","Noctuidae","Dyops","cuprescens"
"Harry Ramirez","Notodontidae","Crinodes"," schausi"
"Harry Ramirez","Gelechiidae","Dichomeris","designatella"
"Harry Ramirez","Sphingidae","Xylophanes","juanita"
"Harry Ramirez","Notodontidae","Elasmia"," mandela"
"Harry Ramirez","Geometridae","Pherotesia","minuisca"
"Harry Ramirez","Geometridae","Cyclophora","Hausmann01"
"Harry Ramirez","Sphingidae","Erinnyis","alope"
"Harry Ramirez","Hesperiidae","Calliades","zeutus"
"Harry Ramirez","Sphingidae","Xylophanes","godmani"
"Harry Ramirez","Sphingidae","Xylophanes","rhodina"
"Pablo Umaña","Sphingidae","Xylophanes","porcus"
"Pablo Umaña","Hesperiidae","Cephise","nuspezes"
"Pablo Umaña","Sphingidae","Unzela","Japix"
"Pablo Umaña","Hesperiidae"," Cyclosemia","subcaerulea"
"pablo Umaña","Nymphalidae","Euptychia","westwoodi"
"Pablo Umaña","Papilionidae","Heraclides","autocles"
"Pablo Umaña","Hesperiidae","Pythonides","amaryllis"
"Pablo Umaña","Notodontidae","Sericochroa ","Janzen01"
"Pablo Umaña","noctuidae","Ciri","incurva"
"Pablo Umaña","Limacodidae","Parasa ","sandrae"
"Pablo Umaña","Depressariidae","Antaeotricha","renselariana"
"Pablo Umaña","Erebidae","ochrodota ","marina"
"Pablo Umaña","Riodinidae","Euselasia","chrysippe"
"Pablo Umaña","Megalopygidae","Podalia","orsilocha"
"Pablo Umaña","Erebidae","Agaraea ","minuta"
"Pablo Umaña","Notodontidae","Bardaxima","persesDHJ02"
"Pablo Umaña","Hesperiidae","Bungalotis","astylos"
"Pablo Umaña","Erebidae","Dysschema jansonis","jansonis"
"Pablo Umaña","Nymphalidae","Hamadryas ariensis","ariensis"
"Pablo Umaña","bombycidae","Apatelodes adrastia","adrastia"
"Pablo Umaña","Hesperiidae","Camptopleura auxo"," auxo"
"Pablo Umaña","Erebidae","Anomis"," luridula"
"Pablo Umaña","Hesperiidae","Rhinthon","osca"
"Pablo Umaña","Hesperiidae","Melanopyge","Burns01"
"Pablo Umaña","Hesperiidae","Astraptes","talus"
"Pablo Umaña","Riodinidae","Anteros","renaldus"
"Pablo Umaña","Noctuidae","Lesmone","aemylia"
"Pablo Umaña","Noctuidae","Gonodonta","incurva"
"Pablo Umaña","Noctuidae","Letis","mycerina"
"Pablo Umaña","Riodinidae","Lyropteryx","lyra"
"Pablo Umaña","Notodontidae","Truncaptera","gigantea"
"Pablo Umaña","Limacodidae","Isochaetes","dwagsi "
"Pablo Umaña","Hesperiidae","Phocides","pigmalionDHJ02 "
"Pablo Umaña","Limacodidae","Talima","aurora"
"Pablo Umaña","Riodinidae","Euselasia","rhodogyne"
"Pablo Umaña","Erebidae","Gonodonta","sicheas"
"pablo Umaña","Depressariidae","Ethmia","lichyi"
"Pablo Umaña","Papilionidae","Parides"," zestos"
"Pablo Umaña","Lasiocampidae","Euglyphis","amathuria"
"Pablo Umaña","Geometridae","Tachychlora ","amilletes"
"Petrona Rios",,"Agrias","philatelica"
"Petrona Rios","Hesperiidae","Pyrrhopyge","crida"
"Petrona Rios","Hesperiidae","Autochton","zarex"
"Petrona Rios","Nymphalidae","Zaretis ","itys"
"Petrona Rios","Nymphalidae","Adelpha","celerio"
"Petrona Rios","Nymphalidae","Nica","canthara"
"Petrona Rios","Nymphalidae","Adelpha","leucophtalma"
"Petrona Rios","Notodontidae","Scotura","leucophleps"
"Petrona Rios","Nymphalidae","Adelpha","lacinia"
"Petrona Rios","Saturnidae","Oxytenis","beprea"
"Petrona Rios","Nymphalidae","Adelpha","barnesia leucas"
"Petrona Rios","Nymphalidae","Adelpha","salmonides"
"Petrona Rios","Nymphalidae","Adelpha","erymanthis"
"Petrona Rios","Nymphalidae","Adelpha","basiloides"
"Petrona Rios","Nymphalidae","Adelpha","lorzae"
"Petrona Rios","Nymphalidae","Adelpha","melanthe"
"Petrona Rios","Nymphalidae","Memphis","artacaena"
"Petrona Rios","Nymphalidae","Adelpha","iphiclus"
"Petrona Rios","Nymphalidae","Adelpha","pseudaethalia"
"Petrona Rios","Nymphalidae","Adelpha","adstricta"
"Petrona Rios","Nymphalidae","Adelpha","leuceria"
"Petrona Rios","Nymphalidae","Adelpha","fessonia"
"Petrona Rios","Nymphalidae","Adelpha","tracta"
"Petrona Rios","Nymphalidae","Adelpha","demialba"
"Petrona Rios","Nymphalidae","Adelpha","iphicleola"
"Petrona Rios","Nymphalidae","Adelpha","malea fundania"
"Petrona Rios","Nymphalidae","Adelpha","celerioDHJ02 "
"Petrona Rios","Nymphalidae","Memphis","pithyusa"
"Petrona Rios","Nymphalidae","Memphis","beatrix"
"Petrona Rios","Nymphalidae","Memphis","aulica"
"Petrona Rios","Saturnidae","Oxytenis","vanricana"
"Petrona Rios","Saturnidae","Oxytenis","naemia"
"Calixto Moraga","Saturnidae","Oxytenis","albilunulata"
"Petrona Rios","Geometridae","Psaliodes","Janzen05"
"Petrona Rios","Nymphalidae","Jemadia","suekentonmiller"
"Petrona Rios","Hesperiidae","Telemiades","antiope"
"Petrona Rios","Hesperiidae","Thessia"," jalapus"
"Petrona Rios","Hesperiidae","Phareas","burnsi"
"Petrona Rios","Hesperiidae","Celaenorrhinus","Burns01"
"Petrona Rios","Hesperiidae","Cynea"," anthracinus"
"Petrona Rios","Hesperiidae","Cynea ","megalops"
"Petrona Rios","Hesperiidae","Aguna","coeloides"
"Petrona Rios","Hesperiidae","Perichares"," geonomaphaga"
"Petrona Rios","Hesperiidae","Epargyreus","Burns07"
"Petrona Rios","Hesperiidae","Astraptes","procrastinator"
"Petrona Rios","Hesperiidae","Autochton","Burns01"
"Petrona Rios","Geometridae","Cimicodes","albicosta"
"Petrona Rios","Geometridae","Cyclophora","Janzen14"
"Petrona Rios","Erebidae","Antiblemma","ceras"
"Petrona Rios","Erebidae","Antiblemma"," Poole13"
"Petrona Rios","Erebidae","Antiblemma"," amarga"
"Petrona Rios","Erebidae","Antiblemma","amaltheaamaltheaamaltheaamalthea"
"Petrona Rios","Erebidae","Antiblemma","Poole05"
"Petrona Rios","Erebidae","Antiblemma"," Poole03"
"Petrona Rios","Melastomataceae","Clidemia","octona"
"Petrona Rios","Erebidae","Antiblemma","fuscireticulata"
"Petrona Rios","Erebidae","Antiblemma","Poole29"
"Petrona Rios","Erebidae","Antiblemma","tuva"
"Petrona Rios","Erebidae","Antiblemma","Poole16"
"Petrona Rios","Erebidae","Antiblemma","phoenicopyra"
"Petrona Rios","Eribade","Antiblemma","laranda"
"Petrona Rios","Erebidae","Antiblemma","incarnans"
"Petrona Rios","Erebidae","Antiblemma","Janzen98"
"Petrona Rios","Erebidae","Antiblemma","Poole33"
"Petrona Rios","Erebidae","Antiblemma","herilis"
"Petrona Rios","Erebidae","Antiblemma"," strigatula"
"Petrona Rios","Erebidae","Antiblemma","Janzen34"
"Petrona Rios","Erebidae","Antiblemma","lacteigera"
"Ricardo Calero","Sphingidae","Eumorpha","phorbas"
"Ricardo Calero","Sphingidae","Madoryx ","plutonius"
"Ricardo Calero","Crambidae","Pilocrocis","xanthozonalis"
"Ricardo Calero","Saturnidae","Rhescyntis","hippodamia"
"Ricardo Calero","Noctuidae","Bastilla","purpurata"
"Ricardo Calero","Nolidae","Iscadia","furciferaDHJ02"
"Ricardo Calero","Saturnidae","Hylesia ","continua"
"Ricardo Calero","Erebidae","Hypena ","Poole36"
"Ricardo Calero","Erebidae","plusiodonta","nitissima"
"Ricardo Calero","Sphingidae","Cocytius"," antaeus"
"Ricardo Calero","Riodinidae","Anteros ","formosus"
"Ricardo Calero","Notodontidae","Bardaxima","marcida"
"Ricardo Calero","Sphingidae","Erinnyis","obscura"
"Ricardo Calero","Nymphalidae","Doxocopa","laure"
"Ricardo Calero","Papilionidae","Heraclides","idaeus"
"Ricardo Calero","Hesperiidae","Astraptes","inflatio"
"Ricardo Calero","Riodinidae","Euselasia","cheles"
"Ricardo Calero","Saturniidae","Copaxa","curvilinea"
"Ricardo Calero","Hesperiidae","Nicephellus"," nicephorus"
"Ricardo Calero","Nymphalidae","Eryphanis","lycomedon"
"Ricardo Calero","Hesperiidae","Narcosius","nazaraeus"
"Ricardo Calero","Saturniidae","Hylesia","dalinaDHJ01"
"Ricardo Calero","Hesperiidae","Cobalus","fidicula"
"Ricardo Calero","Hesperiidae","Mictris","crispus caerula"
"Ricardo Calero","Hesperiidae","Zenis","janka"
"Ricardo Calero","Hesperiidae","Noctuana ","stator"
"Ricardo Calero","Sphingidae","Eumorpha","labruscae"
"Ricardo Calero","Sphingidae","Aleuron","carinata"
"Ricardo Calero","Erebidae","Thagona","errans"
"Ricardo Calero","Erebidae","Parathyri","cedonulli"
"Ricardo Calero","Erebidae","Glaucostola","romula"
"Ricardo Calero","Hesperiidae","Chiomara","mithrax"
"Ricardo Calero","Crambidae","Pilocrosis","xanthozonalis"
"Ricardo Calero","Crambidae","Parathyris ","cedonulli "
"Ricardo Calero","Noctuidae","Aprica","patula"
"Ricardo Calero","Erebidae","Napata","flaviceps"
"Ricardo Calero","Riodinidae","Hyphilaria","thasus"
"Ricardo Calero","Sphingidae","Erinnyisus","oenotrus"
"Ricardo Calero","Notodontidae","Deltochlora","splendens"
"Roster Moraga","Hesperiidae","Udranomia ","kikawai"
"Roster Moraga","Saturnidae","Arsenura","batesii"
"Roster Moraga","Lycaenidae","Evenus","regalis"
"Roster Moraga","Riodinidae","Juditha","caucana"
"Roster Moraga","Noctuidae","Pseudbarydia ","crespula "
"Roster Moraga","Sphingidae","Manduca","ochus"
"Roster Moraga","Riodinidae","Pachythone","gigas"
"Roster Moraga","Nymphalidae","Smyrna ","blomfildia "
"Roster Moraga","Saturnidae","Pseudodirphia","menander"
"Roster Moraga","Saturnidae","Automeris ","phrynon "
"Roster Moraga","Nymphalidae","Callicore","peralta"
"Roster Moraga","Nymphalidae","Catonephele","esite"
"Roster Moraga","Geometridae","Smicropus"," laeta"
"ROster Moraga","Notodontidae","Erbessa"," stroudi "
"Roster Moraga","Notodontidae","Didugua","leona"
"Roster Moraga","Erebidae","Chetone ","angulosa "
"Roster Moraga","Erebidae","Hypocrita","drucei"
"Roster Moraga","Erebidae","Hypocrita","arcaei"
"Roster Moraga","Eurypygidae","Eurypyga","helias"
"Roster Moraga","Erebidae","Pseudophaloe","troetschi"
"Roster Moraga","Erebidae","Belemnia","trotschi"
"Roster Moraga","Erebidae","Aethria","Espinoza01"
"Roster Moraga","Erebidae","Metastatia","pyrrhorhoea"
"ROster Moraga","Riodinidae","Symmachia","rubina"
"Roster Moraga","Notodontidae","Chadisrochroa ","zabena"
"Roster Moraga","Erebidae","Amaxia","apyga"
"Roster Moraga","Sphingidae","Xylophanes","tyndarus"
"Jose Cortes","Papilionidae","Mimoides","branchus"
"José Cortes","Crambidae","Dichogama"," colotha"
"Roster Moraga","Erebidae","Coreura","phoenicides "
"Jose Cortes","Riodinidae","Caledonia","sturnula"
"Jose Cortes","Nymphalidae","Manataria","maculata"
"Jose Cortes","Notodontidae","Nystalea","idone"
"jose Cortes","Hesperiidae","Celaenorrhinus","fritzgaertneri"
"Jose Cortes","Hesperiidae","Porphyrogenes","sula"
"Jose Cortes","Erebidae","Isogona","capitalis"
"Jose Cortes","Notodontidae","Nystalea","porganaDHJ02"
"José Cortes","Crambidae","Rhectocraspeda","periusalis"
"Jose Cortes","Noctuidae","Diastema","tigris"
"Jose Cortes","Erebidae","Coenipeta","phasis"
"Jose Perez","Hesperiidae","Chrysoplectrum","Burns01"
"José Pérez","Erebidae","Ipanephis","esperanzalis"
"Jose Perez","Sphingidae","Pachygonidia","drucei "
"Jose Perez","Pieridae","Eurema","boiduvaliana"
"Jose Perez","Papilionidae","Heraclides","pallas"
"Jose Perez","Nymphalidae","Taygetomorpha","salvini"
"José Perez","Megalopygidae","Mesoscia","dumilla"
"José Perez","Nymphalidae","Junonia","genoveva"
"José Perez","Erebidae","Duspumera","fannia"
"José Perez","Erebidae","Smyra","stiparura"
"Jose Cortes","Nymphalidae","Marpesia","petreus"
"Jose Cortes","Hesperiidae","Paches ","loxus"
"Jose Cortes","Pieridae","Melete","isandra"
"Jose Cortes","Hesperiidae","Saliana","antoninus"
"Jose Cortes","Erebidae","Eucereon","xanthura "
"Jose Cortes","Erebidae","Radosa","ordinata"
"Jose Perez","Nymphalidae","Taygetis","kerea"
"Jose Cortes","Hesperiidae","Salina"," longirostris"
"Jose Cortes","Hesperiidae","Epargyreus","Buns03"
"Jose Cortes","Noctuidae","Condica","satorDHJ02"
"Jose Cortes","Nymphalidae","Chlosyne","melanarge "
"jose Cortes","Nymphalidae"," Melinaea","lilis"
"jose Cortes","Hesperiidae","Vettius","conka"
"Jose Cortes","Noctuidae","Heterochroma","sarepta"
"Jose Cortes","Hesperiidae","Gindanes","brontinus"
"Jose Cortes","Notodontidae","Disphragisella","baracoanaDHJ02 "
"Jose Cortes","Notodontidae","Elymiotis","longara"
"Jose Cortes","Crambidae","Omiodes","indicata"
"Jose Cortes","Crambidae","Phaedropsis","Solis348"
"Jose Perez","Hesperiidae","Milanion","marciana"
"Jose Perez","Lycaenidae","Cyanophrys","fusius"
"Jose Perez","Noctuidae","Heterochroma","luma"
"Jose Perez","sphingidae","Neococytius","cluentius"
"Jose Perez","Riodinidae","Symmachia","tricolor"
"Jose Perez","Hesperiidae","Astraptes","brevicauda"
"Jose Perez","Nymphalidae","Callicore","bugaba"
"Jose Perez","Hesperiidae","Bungalotis","diophorus"
"Jose Perez","Nymphalidae","Memphis ","proserpina "
"Jose Perez","Hesperiidae","Eracon","lachesis"
"Jose Perez","Limacodidae","Parasa","macrodonta"
"Jose Perez","Hesperiidae","Porphyrogenes ","peterwegei "
"Jose Perez","Hesperiidae","Cyclosemia ","Burns01"
"Jose Perez","Nymphalidae","Caligo","sulanus"
"Jose Perez","Hesperiidae","Tosta","platypterus"
"Jose Perez","Hesperiidae","Dyscophellus","Burns02"
"Jose Perez","Hesperiidae","Pterourus","bryki"
"Jose Perez","Limacodidae","Acharia"," sarans"
"Jose Perez","Hesperiidae","Jemadia","pseudognetus"
"Jose Perez","Nymphalidae","Nessaea","aglaura"
"Jose Perez","Nymphalidae","Pierella","pallida"
"Jose Perez","Mimalionidae","Trogoptera","salvita"
"Jose Perez","Hesperiidae","Aguna","Burns02"
"Jose Perez","Hesperiidae","Antigonus","nearchus"
"Jose Perez","Saturnidae","Automeris","zozimanaguana"
"Jose Perez","Riodinidae","Necyria","beltiana"
"Jose Perez","Hesperiidae","Porphyrogenes","sula"
"Jose Perez","Dalceridae","Acraga","melinda"
"José Perez","Depressariidae","Stenoma","Janzen98"
"Keiner Aragon","Hesperiidae","Carystina","aurifer"
"Keiner Aragon","Sphingidae","Hemeroplanes","triptolemus "
"keiner Aragon","Riodinidae","Synargis","mycone"
"Keiner Aragon","Saturnidae","Automeris ","dagmarae "
"Keiner Aragon","Nymphalidae","Anaea","aidea"
"keiner Aragon","Hesperiidae","Astraptes","fruticibus"
"Keiner Aragon","Saturnidae","Copaxa","moinieri"
"keiner Aragon","Saturnidae","Rothschildia","erycina"
"Keiner Aragon","Saturniidae","Rothschildia","lebeau"
"keiner Aragon","Hesperiidae","Astraptes","synecdoche"
"keiner Aragon","riodinidae","Mesosemia","grandis"
"Keiner Aragon","Hesperiidae","Calpodes","Ethlius"
"Keiner Aragon","Hesperiidae","Atarnes","sallei"
"Keiner Aragon","Hesperiidae","Polyctor","Cleta"
"Keiner Aragon","Sphingidae","Aellopos","fadus"
"keiner Aragon","Sphingidae","Xylophanes","Turbata"
"Keiner Aragon","Notodontidae","Hemiceras","vecina"
"Keiner Aragon","Uraniidae","Erosia","veninotata"
"Keiner Aragon","Notodontidae","Hemiceras","clarki"
"Keiner Aragon","Hesperiidae","Eburuncus","unifasciata"
"Keiner Aragon","Sphingidae","Manduca","muscosa"
"Keiner Aragon","Eribade","Scopifera","antelia"
"Keiner Aragon","Riodinidae","Rhetus","castigatus"
"Keiner Aragon","Limacodidae","Euclea","mesoamericana"
"Keiner Aragon","Noctuidae","Concana","hoshea"
"Keiner Aragon","Riodinidae","Emesis","mandana"
"Keiner Aragon","Notodontidae","Hemiceras ","conspirata"
"Keiner Aragon","Erebidae","Gonodonta","fulvangula"
"Lucia Rios","Nymphalidae","Caligo","telamonius"
"Lucia Rios","Nymphalidae","Danaus","plexippus"
"Lucia Rios","Sphingidae","Pseudosphinx ","tetrio"
"Lucia Rios","Nymphalidae"," Callicore","piteas"
"Lucia Rios","Nymphalidae","Callicore ","lyca"
"Lucia Rios","Nymphalidae","Callicore","texa"
"Lucia Rios","Nymphalidae","Pierella","incanescens"
"Lucia Rios","Sphingidae","Erinnyis","lassauxii"
"Lucia Rios","Sphingidae","Adhemarius","fulvescens"
"Lucia Rios","Saturnidae","Gamelia","musta"
"Lucia Rios","Nymphalidae","Catoblepia","orgetorix"
"ROster Moraga","Nymphalidae","Heliconius"," petiverana"
"lucia Rios","Nymphalidae","Morpho","Heleonor"
"Lucia Rios","Nymphalidae","Diaethria","marchalii"
"Lucia Rios","Nymphalidae","Nessaea","aglaura"
"Lucia Rios","Nymphalidae","Agraulis"," vanillae"
"Lucia Rios","Nymphalidae","Memphis","indigotica"
"Lucia Rios","Nymphalidae","Historis","odius"
"Lucia Rios","Nymphalidae","Historis","acheronta"
"Lucia Rios","Nymphalidae","L","chiron"
"Lucia Rios","Nymphalidae","Doxocopa","clothilda"
"Lucia Rios","Nymphalidae","Dryas","iulia"
"Lucia Rios","Nymphalidae","Temenis","hondurensis"
"Lucía Ríos","Nymphalidae","Chlosyne","gaudialis"
"Lucía Ríos","Nymphalidae","Eunica","malvina"
"Lucía Ríos","Saturniidae","Dirphia","horcana"
"Lucía Ríos","Nymphalidae","Heliconius","doris"
"Lucía Ríos","Dalceridae","Acraga","coa"
"Lucía Ríos","Dalceridae","Acraga","philetera"
"Lucía Ríos","Megalopygidae","Trosia","nigropunctigera"
"Lucía Ríos","Saturnidae","Syssphinx","jennyphillipsae"
"Lucía Ríos","Pieridae","Dismorphia","praxinae"
"Lucía Ríos","Saturnidae","Syssphinx","colla"
"Lucía Ríos","Saturnidae","Adeloneivaia","isara"
"Lucía Ríos","Papilionidae","Parides ","lycimenes"
"Lucía Ríos","Limacodidae","Natada","michorta"
"Lucía Ríos","Erebidae","Hypercompe","albescens"
"Lucía Ríos","Notodontidae","Truncaptera","fascis"
"Manuel Pereira","Saturnidae","Rothschildia","triloba"
"Manuel Pereira","Sphingidae","Adhemarius","ypsilon"
"Manuel Pereira","Nymphalidae","Heliconius","galanthus"
"Manuel Pereira","Saturnidae"," Automeris","ioDHJ01"
"Manuel Pereira","Hesperiidae","Phocides","Warren01"
"Manuel Pereira","Geometridae","Herbita","aglausaria"
"Manuel Pereira","Hesperiidae","Astraptes ","obstupefactus"
"Manuel Pereira","Hesperiidae","Quasimellana","antipazina"
"Manuel Pereira","Hesperiidae","Chioides","zilpa"
"Manuel Pereira","Hesperiidae","Celaenorrhinus","approximatus"
"Manuel Pereira","Papilionidae","Papilio ","polyxenes "
"Manuel Pereira","Geometridae","Sabulodes"," arge"
"Manuel Pereira","Crambidae","Trichaea","pilicornis"
"Manuel Pereira","Nymphalidae","Vanessa ","virginiensis"
"Manuel Pereira","Hesperiidae","Ocyba","calathana"
"Manuel Pereira","Crambidae","Omiodes"," humeralis"
"Manuel Pereira","Hesperiidae","Epargyreus","Burns02 "
"Manuel Pereira","Hesperiidae","Polythrix","octomaculata"
"Manuel Pereira","Notodontidae","Truncaptera","inopinata"
"Manuel Pereira","Nymphalidae","Hypanartia","arcaei"
"Manuel Pereira","Nymphalidae","Hypanartia","godmanii"
"Manuel Pereira","Noctuidae","Cropia","connecta"
"Manuel Pereira","Hesperiidae","Carystoides","Janzen03"
"Manuel Pereira","Lycaenidae","Ocaria"," ocrisiaDHJ02"
"Mariano Pereira","Saturniidae","Dysdaemonia","boreas"
"Manuel Pereira","Limacodidae","Parasa","viridogrisea"
"Manuel Pereira","Limacodidae","Euclea","gajentaani"
"Manuel Rios","Lasiocampidae","prorifrons","tremula"
"Manuel Rios","Riodinidae","Lasaia","agesilas"
"Manuel Rios","Papilionidae","Heraclides ","tolmides "
"Manuel Rios","Lycaenidae","Eumaeus","godartii"
"Manuel Rios","Lasiocampidae","Euglyphis","asapha"
"Manuel Rios","Notodontidae","Nystalea","montanaICG02"
"Manuel Rios","Hesperiidae","Grais","stigmaticus"
"Manuel Rios","Saturnidae","Hylesia","rubrifrons"
"Manuel Rios","Notodontidae","Rhuda","difficilis"
"Manuel Rios","Notodontidae","Meragisa","marcata"
"Manuel Rios","Papilionidae","Protographium","thyastes panamensis"
"Manuel Rios","Hesperiidae","Urbanus"," esta"
"Manuel Rios","Hesperiidae","Urbanus","simplicius"
"Manuel Rios","Hesperiidae","Carystoides","orbius"
"Manuel Rios","Nymphalidae","Dulcedo","polita"
"Manuel Rios","Hesperiidae","Hyalothyrus neleus ","neleus "
"Manuel Rios","Nymphalidae","Pteronymia","picta"
"Manuel Rios","Nymphalidae","Hypoleria","rhene"
"Manuel Rios","Hesperiidae","Damas","immacula"
"Manuel Rios","Hesperiidae","Carystoides","escalantei"
"Manuel Rios","Notodontidae","Disphragisella","deliraICG02"
"Manuel Rios","Pieridae","Glutophrissa","tenuis"
"Manuel Rios","Hesperiidae","Damas","clavus"
"Manuel Rios","Erebidae","Hemeroblemma","schausiana"
"Manuel Rios","Nymphalidae","Prepona","dexamenus"
"Manuel Rios","Noctuidae","Perigea","illicita"
"Manuel Rios","Notodontidae","Nystalea","superciliosa"
"Manuel Rios","Hesperiidae","Cymaenes"," odilia trebius"
"Manuel Rios","Erebidae","Tautobriga","glaucopis"
"Manuel Rios","Hesperiidae","Entheus","Burns02"
"Manuel Rios","Erebidae","Gorgone","fellearis"
"Manuel Rios","Hesperiidae","Perichares","deceptus"
"Manuel Rios","Erebidae","Anticarsia","gemmatalis"
"Mariano Pereira","Nymphalidae","Morpho","catalina"
"Mariano Pereira","Nymphalidae","Opsiphanes","tamarindi"
"Mariano Pereira","Sphingidae","Protambulyx","strigilis"
"Mariano Pereira","Hesperiidae","Drephalys","Kidonoi"
"Minor Carmona","Saturnidae","Periphoba ","arcaei"
"Minor Carmona","Hesperiidae","Phocides","lilea"
"Minor Carmona","Notodontidae","Naprepa","flexifera"
"Minor Carmona","Sphingidae","Aleuron","chloroptera"
"Minor Carmona","Limacodidae","Natada","lalogamezi"
"Minor Carmona","Noctuidae","Xanthopastis","timais"
"Minor Carmona","Hesperiidae","Rhinthon","molion"
"Minor Carmona","Hesperiidae","Nisoniades ","godma "
"Minor Carmona","Notodontidae","Drugera","morona"
"Minor Carmona","Hesperiidae","Morvina","fissimacula pelarge"
"Minor Carmona","Pyralidae","Chloropaschia ","mennusali,"
"Minor Carmona","Hesperiidae","Telemiades","fides"
"Minor Carmona","Hesperiidae","Astraptes","augeas"
"Minor Carmona","Hesperiidae","Nisoniades","castolus"
"Minor Carmona","Hesperiidae","Tosta","niger"
"Minor Carmona","Notodontidae","Malocampa","matralis"
"Minor Carmona","Limacodidae","Natada ","fusca "
"Minor Carmona","Hesperiidae","Quadrus","francesius"
"Minor Carmona","Erebidae","Dysschema","viuda"
"Minor Carmona","Hesperiidae","Pythonides","proxenus"
"Minor Carmona","Erebidae","Cosmosoma","hercyna"
"Minor Carmona","Hesperiidae","Eutychide ","ochus"
"Minor Carmona","Tortricidae","Anacrusis","nephrodes"
"Minor Carmona","Depressariidae","Ethmia","scythropa"
"Minor Carmona","Hesperiidae","Telemiades","avitus"
"Minor Carmona","Depressariidae","Stenoma","fenestra"
"Minor Carmona","Erebidae","Hemeroblemma","ochrolinea"
"Minor Carmona","Erebidae","Halysidota","orientalis"
"Minor Carmona","Choreutidae","Tortyra"," cuprinella"
"Minor Carmona","Hesperiidae","Xeniades"," chalestra"
"Osvaldo Espinoza","Hesperiidae","Parelbella","macleannani"
"Osvaldo Espinoza","Sphingidae","Oryba","kadeni"
"Osvaldo Espinoza","Nymphalidae","Antirrhea","lindigii"
"Osvaldo Espinoza","Hesperiidae","Bungalotis","quadratumDHJ01"
"Osvaldo Espinoza","Limacodidae","Talima","beckeri"
"Osvaldo Espinoza","Limacodidae","Acharia ","horridaDHJ02 "
"Osvaldo Espinoza","Limacodidae","Acharia","hyperoche"
"Osvaldo Espinoza","Hesperiidae","Decinea ","decinea derisor"
"Osvaldo Espinoza","Hesperiidae","Nascus","broteas"
"Osvaldo Espinoza","Hesperiidae","Dyscophellus ramon","ramon"
"Osvaldo Espinoza","Nymphalidae","  Doxocopa","pavon"
"Osvaldo Espinoza","Depressariidae","Stenoma","byssina"
"Osvaldo Espinoza","Hesperiidae","Polyctor","polyctor"
"Osvaldo Espinoza","Hesperiidae","Cobalopsis","nero"
"Osvaldo Espinoza","Depressariidae","Lethata","trochalosticta "
"Osvaldo Espinoza","Geometridae","Opisthoxia","molpadia"
"Osvaldo Espinoza","Limacodidae","Euclea"," bidiscalis"
"Osvaldo Espinoza","Riodinidae","Ancyluris","jurgensenii"
"Osvaldo Espinoza","Riodinidae","Epimecis","matronaria"
"Osvaldo Espinoza","Crambidae","Anarmodia","nebulosalis"
"Osvaldo Espinoza","Thyrididae","Zeuzerodes","caenosa"
"Osvaldo Espinoza","Thyrididae","Microsca","paullula"
"Osvaldo Espinoza","Megalopygidae"," Macara","argentea"
"Osvaldo Espinoza","Pyralidae","Chloropaschia","pegalis"
"Osvaldo Espinoza","Crambidae","Syllepte","belialis"
"Osvaldo Espinoza","Castniidae","Amauta","procera "
"Osvaldo Espinoza","Hesperiidae","Urbanus","segnestami"
"Adrian Guadamuz","Malvaceae","Luehea","candida "
"Adrian Guadamuz","Malvaceae","Luehea ","speciosa"
"Adrian Guadamuz","Proteaceae","Roupala ","montana"
"Roberto Espinoza","Fagaceae","Quercus","corrugata"
"Roberto Espinoza","Caesalpiniacea","Hymenaea","courbaril"
"Jorge Hernández","Mimosaceae","Samanea","saman"
"Jorge Hernández","Myrtaceae","Psidium","guajava"
"Jorge Hernández","Fabaceae","Platymiscium","Parviflorum"
"Jorge Hernández","Bignoniaceae","Jacaranda","copaia"
"Jorge Hernández","Vochysiaceae","Vochysia ","guatemalensis "
"Jorge Hernández","Malpighiaceae","Byrsonima","crassifolia"
"Jorge Hernández","Asteraceae","Sinclairia","polyantha"
"Jorge Hernández","Ochnaceae","Cespedesia","spathulata"
"Jorge Hernández","Bignoniaceae","Handroanthus ","ochraceae "
"Jorge Hernández","Bignoniaceae","Handroanthus ","guayacan"
"Jorge Hernández","Malvaceae","Heliocarpus","appendiculatus"
"Jorge Hernández","Fabaceae","Dioclea","malacocarpa"
"Jorge Hernández","Lauraceae","Nectandra ","umbrosa"
"Jorge Hernández","Bignoniaceae","Tabebuia","rosea"
"Jorge Hernández","Verbenaceae","Lantana ","camara "
"Jorge Hernández","Boraginaceae","Cordia","megalantha"
"Jorge Hernández","Lamiaceae","Vitex","cooperi"
"Jorge Hernández","Annonaceae","Guatteria","verrucosa"
"Jorge Hernández","Erebidae","Gonodonta","indentata "
"Jorge Hernández","Passifloraceae","Passiflora","edulis"
"Jorge Hernández","Ehretiaceae","Bourreria","costarricensis"
"Jorge Hernández","Melastomataceae","Conostegia"," xalapensis"
"Jorge Hernández","Fabaceae","Inga"," spectabilis"
"Jorge Hernández","Dilleniaceae","Tetracera","hydrophila"
"Jorge Hernández","Fabaceae","Inga","edulis"
"Jorge Hernández","Marcgraviaceae","Souroubea","sympetala"
"Jorge Hernández","Schlegeliaceae","Schlegelia"," fastigiata"
"Jorge Hernández","Bignoniaceae","Arrabidaea","verrucosa"
"Jorge Hernández","Bignoniaceae","Callichlamys","latifolia"
"Jorge Hernández","Rubiaceae","Psychotria","elata"
"Gloria Sihezar","Erebidae","Cacostatia","sapphira "
"Elda Araya","Noctuidae","Cropia"," rivulosa"
"Angel Hernández","Notodontidae","Truncaptera","guatemalensis"
"Angel Hernández","Sphingidae","Perigonia","lusca"
"Minor Carmona","Erebidae","Dysschema","panamensis"
"Jóse Pérez","Noctuidae","Heterochroma","amphion"
"Lucía Ríos","Geometridae","Oenoptila","plagiata"
"Duvalier","Bombycidae","Colla","rhodope"
"Lucía Ríos","Erebidae","Bertholdia","albipuncta "
"Elieth Cantillano","Erebidae","Lophocampa","citrina"
"Brigitte Vilchez","Pieridae","Phoebis","marcellina"
"Jorge Hernández","Rubiaceae","Psychotria","jimenezii "
"Petrona Ríos","Myrtaceae","Myrcia","splendens"
"Cirilo Umaña","Crambidae","Conchylodes","arcifera"
"Ana Cordoba","Noctuidae","Seirocastnia"," tribuna"
"Manuel Ríos","Hesperiidae","Justinia","norda "
"Manuel Ríos","Hesperiidae","Cynea","Burns02"
"Petrona Ríos","Erythroxylaceae","Erythrohylum","macrophylum"
"Petrona Ríos","Erebidae","Antiblemma","concinnula"
"Jóse Cortéz","Crambidae","Phostria","latiapicalis"
"Ricardo Calero","Erebidae","Horama","plumipes"
"Freddy Quesada","Nymphalidae","Memphis ","forreri"
"Keiner Aragon","Hesperiidae","Nyctelius","nyctelius"
"Jóse Pérez","Limacodidae","Semyra","finita"
"Brigitte Vilchez","Saturniidae","Periga","costaricana"
"Calixto Moraga","Sphingidae","Aellopos"," clavipes"
"Calixto Moraga","Sphingidae","Cocytius","lucifer"
"Dunia García ","Sphingidae","Pachylia","syces"
"Gloria Sihezar","Hesperiidae","Mysoria","ambigua "
"Pablo Umaña","Notodontidae","Elymiotis","morana"
"Minor Carmona","Limacodidae","Epiperola","paida"
"Duvalier","Bombycidae","Olceclostera","irrorata"
"Jorge Hernández","Malvaceae","Trichospermum","galeottii "
"Dinia Martínez","Sphingidae","Unzela","pronoe "
"Dinia Martínez","Erebidae","Athyrma","adjutrix"
"Dinia Martínez","Apatelodidae","Olceclostera","indentata"
"Ricardo Calero","Noctuidae","Dyptergia","ordinarius"
"Ricardo Calero","Bombycidae","Colla","coelestis"
"Jóse Cortéz","Crambidae","Conchylodes","nolckenialis"
"Duvalier Briceño","Saturniidae","Paradirphia","winifredae"
"Dinia Martínez","Hedylidae","Macrosoma","heliconiaria "
"Ricardo Calero","Noctuidae","Heterodelta","nea"
"Elieth Cantillano","Erebidae","Orgyia","povera"
"Lucía Ríos","Riodinidae","Theope","eudocia"
"Ana Cordoba","Erebidae","Antapistis","Poole02 "
"Cirilo Umaña","Hesperiidae","Timochreon","satyrus"
"","Sphingidae","Enyo","cavider"
"Gloria Sihezar","Dalceridae","Acraga ","hamaca "
"Elda Araya","Erebidae","Ammalo","helops"
"Elda Araya","Erebidae","Anomis","directilinea"
"Elda Araya","Erebidae","Mimophisma","delunaris"
"Keiner Aragon","Hesperiidae","Carystoides","basoches"
"Freddy Quesada","Nymphalidae","Memphis","boisduvali "
"Keiner Aragon","Geometridae","Prochoerodes","striata"
"Keiner Aragon","Erebidae","Cecharismena","josealis"
"Petrona Ríos","Erebidae","Antiblemma","penelope"
"Minor Carmona","Erebidae","Cosmosoma","orathidia"
"Carolinia Cano","Hesperiidae","Anastrus","sempiternus"
"Pablo Umaña","Saturniidae","Hyperchiria","sanjuensis"
"Angel Hernández","Apatelodidae","Ephoria","lybia"
"Jóse Pérez","Erebidae","Halysidota","pectenella"
"Brigitte Vilchez","Thyrididae","Rhodoneura","terminalis"
"Jóse Pérez","Notodontidae","Apela","neobule"
"Elieth Cantillano","Erebidae","Eucereon","centrale"
"Jorge Hernández","Asteraceae","Neurolaena","lobata "
"Lucía Ríos","Saturniidae","Copiopteryx","semiramis"
"Manuel Ríos","Lasiocampidae","Prorifrons","antonia"
"Cirilo Umaña","Notodontidae","Dottia"," viridifusca"
"Cirilo Umaña","Lycaenidae"," Arawacus","sito"
"Carolinia Cano","Saturniidae","Hylesia","aeneides "
"Dunia García ","Erebidae","Hypercompe","icasia "
"Ana Cordoba","Erebidae","Ceromacra","Poole02"
"Manuel Pereira","Noctuidae","Tiracola","grandirena"
"Manuel Pereira","Noctuidae","Neophaenis","respondens"
"Freddy Quesada","Nymphalidae","Fountainea","eurypyle"
"Gloria Sihezar","Riodinidae","Hades","noctula"
"Dinia Martínez","Megalopygidae","Megalopyge","dyari"
"Dinia Martínez","Aididae","Aidos","perfusa admiranda"
"Harry Ramírez","Erebidae","Eloria","torrida"
"Petrona Ríos","Nymphalidae","Adelpha","marcia"
"Angel Hernández","Pieridae","Glutophrissa","tenuis"
"Petrona Ríos","Erebidae","Antiblemma","lothos"
"Minor Carmona","Megalopygidae","Mesoscia","unifasciata"
"Manuel Ríos","Nymphalidae","Hyposcada","virginiana"
"Manuel Ríos","Nymphalidae","Hyposcada","evanides"
"Ana Cordoba","Geometridae","Oxydia","bilineaDHJ02"
"Jorge Hernández","Myristicaceae","Virola","Koschnyi"
"Pablo Umaña","Erebidae","Lophocampa","modesta"
"Duvalier Briceño","Saturniidae","Therinia","transversaria"
"Elieth Cantillano","Erebidae","Gymnelia","jansonis"
"Petrona Ríos","Erebidae","Antiblemma","Poole25"
"Lucía Ríos","Erebidae","Coenipeta"," bibitrix "
"Freddy Quesada","Nymphalidae","Fountainea","chrysophane"
"Duvalier Briceño","Hesperiidae","Synale","cynaxa"
"Gloria Sihezar","Saturniidae"," Dirphia","avirosensis"
"Calixto Moraga","Sphingidae","Eumorpha"," vitis"
"Calixto Moraga","Sphingidae","Eumorpha","megaeacus"
"Calixto Moraga","Sphingidae","Hemeroplanes","ornatus"
"Brigitte Vilchez","Hesperiidae","Thracides","phidon"
"Elda Araya","Erebidae","Helia","calligramma"
"Elda Araya","Erebidae","Metria","celia"
"Jóse Cortéz","Erebidae","Acanthodica","albiplena"
"Dinia Martínez","Lasiocampidae","Euglyphis","jessiehillae"
"Dinia Martínez","Limacodidae","Vipsophobetron","davisi"
"José Pérez","Erebidae","Euclystis","sublignaris "
"Dinia Martínez","Euteliidae","Nagara","vitrea"
"Petrona Ríos","Erebidae","Antiblemma","Poole12"
"Keiner Aragon","Tortricidae","Aesiocopa","necrofolia"
"Keiner Aragon","Tortricidae","Episimus","ortygia"
"Keiner Aragon","Tortricidae","Anacrusis","ellensatterleeae"
"Lucía Ríos","Erebidae","Eucereon","pilati"
"Angel Hernández","Riodinidae","Calydna","sturnula"
"Carolinia Cano","Noctuidae","Concana","permixta"
"Minor Carmona","Mimallonidae","Menevia ","ostia"
"Dunia García ","Hesperiidae","Psoralis","Janzen38"
"Dunia García ","Hesperiidae","Falga ","sciras"
"Elieth Cantillano","Euteliidae","Paectes ","fuscescens"
"Roster Moraga","Erebidae","Ramphia","albizona"
"Jorge Hernández","Piptocarpha","poeppigiana ","Asteraceae"
"Petrona Ríos","Erebidae","Antiblemma","anthea"
"Manuel Ríos","Noctuidae","Perigea","agnonia"
"Ana Cordoba","Geometridae","Glena","Janzen05"
"Petrona Ríos","Erebidae","Antiblemma","agnita"
"Manuel Ríos","Geometridae","Herbita"," medama"
"Manuel Ríos","Erebidae","Letis","buteo"
"Elieth Cantillano","Euteliidae","Paectes"," fuscescens"
"Minor Carmona","Geometridae","Eois"," dibalpha"
"Angel Hernández","Papilionidade","Protographium","philolaus"
"Angel Hernández","Nymphalidae","Archaeoprepona","gulina"
"Cirilo Umaña","Erebidae","Azeta","ceramina"
"Cirilo Umaña","Hesperiidae","Cycloglypha","thrasibulus"
"Freddy Quesada","Erebidae","Gorgone","integrans"
"Ricardo Calero","Euteliidae","Paectes","devincta"
"Dunia García ","Pieridae","Eurema","xanthochlor"
"Duvalier Briceño","Nymphalidae","Catoblepia","championi"
"Gloria Sihezar","Hesperiidae","Polygonus","leo"
"Carolinia Cano","Nymphalidae","Memphis","aureola"
"Jorge Hernández","Clethraceae","Clethra","latana"
"Jóse Cortéz","Notodontidae","Drugera","mimicaDHJ01"
"Petrona Ríos","Erebidae","Antiblemma","Poole34"
"Elieth Cantillano","Riodinidae","Emesis","cypria"
"Ana Cordoba","Geometridae","Nepheloleuca","illiturata"
"Roster Moraga","Erebidae","Ascalapha","odorata"
"Elda Araya","Erebidae","Cyclopteryx","niveinotata "
"Angel Hernández","Lycaenidae","Brangas","neora"
"Lucía Ríos","Erebidae","Lophocampa","catenulata"
"Ricardo Calero","Nymphalidae","Siproeta","epaphus"
"Elda Araya","Erebidae","Macrodes ","cynara"
"Carolina cano","Noctuidae","Stauropides","persimilis"
"Petrona Ríos","Nymphalidae","Adelpha","sophax "
"Brigitte Vilchez","Noctuidae","Concana","intricata"
"Jorge Hernández","Melastomataceae","Miconia","affinis "
"Duvalier Briceño","Hesperiidae","Anatrytone","mella"
"Freddy Quesada","Geometridae","Nemoria","anae"
"Petrona Ríos","Nymphalidae","Adelpha","massilia"
"Gloria Sihezar","Sphingidae","Lintneria","merops"
"Jóse Pérez","Lycaenidae","Jantheca","cydonia"
"Jóse Pérez","Geometridae","Eusarca","minucia"
"Brigitte Vilchez","Geometridae","Epimecis","plumbilinea"
"Angel Hernández","Noctuidae","Perigea","drusilla"
"Elieth Cantillano","Erebidae","Turuptiana","obliqua"
"Lucía Ríos","Notodontidae","Nebulosa","erymas"
"Ana Cordoba","Saturniidae","Oxytenis","nubila"
"Gloria Sihezar","Sphingidae","Kloneus","babayaga"
"Carolina cano","Erebidae","Eudocima","apta"
"Minor Carmona","Psychidae","Oiketicus ","kirbyi"
"Ricardo Calero","Lasiocampidae","Euglyphis","lepta"
"Jorge Hernández","Convolvulaceae","Ipomoea","phillomega"
"Roster Moraga","Erebidae","Hemeroblemma","leontia"
"Pablo Umaña","Nymphalidae","Siproeta","plagiata"
"Petrona Ríos","Erebidae","Antiblemma","pira"
"Pablo Umaña","Hesperiidae","Niconiades","gladys"
"Pablo Umaña","Hesperiidae","Anthoptus","epictetus"